{
  "id": "oracle-world",
  "title": "Oracle World",
  "description": "AI-powered content generation for Foundry VTT - Generate images, text, and audio using multiple AI providers",
  "version": "1.0.6",
  "authors": [
    {
      "name": "Oracle World Development"
    }
  ],
  "compatibility": {
    "minimum": "13",
    "verified": "13",
    "maximum": "13"
  },
  "esmodules": [
    "scripts/module.js"
  ],
  "styles": [
    "styles/oracle-world.css"
  ],
  "languages": [
    {
      "lang": "en",
      "name": "English",
      "path": "lang/en.json"
    }
  ],
  "url": "https://github.com/DentMan06/oracle-world",
  "manifest": "https://raw.githubusercontent.com/DentMan06/oracle-world/main/module.json",
  "download": "https://github.com/DentMan06/oracle-world/releases/download/v1.0.6/oracle-world-v1.0.6.zip"
}
